{"Coefficient of Correlation (R^2)": 0.02750393523022369, "_timestamp": 1712275258.2759767, "_runtime": 150.47241854667664, "_step": 1}